embedder,retriever,LLM,question,response
mxbai-embed-large,vector_rerank,qwen2.5:1.5b,"Ciao, assistente! Spero che tu possa darmi qualche consiglio utile per la mia ipertensione oggi.","Ciao! Ti auguro di avere buona giornata e spero che le seguenti informazioni ti serviranno a gestire la tua ipertensione:

1. Continua a monitorare la pressione venendo spesso al medico per una verifica regolare.
2. Esegui il programma di cura prescritto dal tuo dottore, come un regime alimentare sano e un'attività fisica moderata.
3. Evita l'istigazione al tabacco, i liquidi gassati e l'alcol.
4. Prima di una visita medica, assicurati di avere le informazioni di base sulle tue dimensioni e sulla tua presenza del medicamento di base (ad esempio il lisinopril).
5. Se hai bisogno di aiuto o di ulteriori consigli, non esitare a chiedere assistenza.

Ricorda di essere accorto con i cambiamenti nelle tue caratteristiche e di tenerti in contatto coi tuoi medici per monitorare la stima della pressione.
Ciao!"
mxbai-embed-large,vector_rerank,qwen2.5:1.5b,Ho paura che la mia ipertensione possa peggiorare.,"Your fear is understandable. However, it's important to remember that managing your hypertension can be effectively done with proper guidance from a healthcare professional, maintaining a healthy lifestyle, and regularly monitoring your blood pressure. Stay calm and continue following the advice of your doctor closely."
mxbai-embed-large,vector_rerank,qwen2.5:1.5b,mi sento bene avendo tutti i miei dati sotto controllo,"Yes, you are feeling well by managing all your data under control."
mxbai-embed-large,vector_rerank,qwen2.5:1.5b,Mi sento bene e infatti le misurazioni lo confermano,"Mi dispiace di sentirlo, ma non ho l'esperienza necessaria per fornire una risposta completa basata sul dettaglio del contesto. Tuttavia, potresti semplicemente dire ""Sì, grazie"" oppure ""No, sono qui anche senza misurazioni"" in base alle tue circostanze specifiche?"
mxbai-embed-large,vector_rerank,qwen2.5:1.5b,come il sale può influenzare la mia pressione sanguigna?,Empty Response
text-embedding-004,vector_store,gemini-2.0-flash,"Ciao, assistente! Spero che tu possa darmi qualche consiglio utile per la mia ipertensione oggi.","Grazie a te! Ricorda di continuare a monitorare la tua pressione.
"
text-embedding-004,vector_store,gemini-2.0-flash,Ho paura che la mia ipertensione possa peggiorare.,"La paura è comprensibile, ma l'ipertensione si può gestire efficacemente. Segui attentamente le indicazioni del tuo medico, mantieni uno stile di vita sano e monitora regolarmente la tua pressione.
"
text-embedding-004,vector_store,gemini-2.0-flash,mi sento bene avendo tutti i miei dati sotto controllo,"Sono contento di saperlo!
"
text-embedding-004,vector_store,gemini-2.0-flash,Mi sento bene e infatti le misurazioni lo confermano,"Ottimo! Quando sei pronto, condividile pure con me.
"
text-embedding-004,vector_store,gemini-2.0-flash,come il sale può influenzare la mia pressione sanguigna?,"Il contesto fornito non contiene informazioni su come il sale può influenzare la pressione sanguigna.
"
mxbai-embed-large,vector_rerank,gemini-2.0-flash,"Ciao, assistente! Spero che tu possa darmi qualche consiglio utile per la mia ipertensione oggi.","Sono programmato per fornire informazioni e supporto basato su dati e linee guida mediche consolidate.
"
mxbai-embed-large,vector_rerank,gemini-2.0-flash,Ho paura che la mia ipertensione possa peggiorare.,"È comprensibile avere paura, ma l'ipertensione si può gestire efficacemente. Segui attentamente le indicazioni del tuo medico, mantieni uno stile di vita sano e controlla regolarmente la tua pressione.
"
mxbai-embed-large,vector_rerank,gemini-2.0-flash,mi sento bene avendo tutti i miei dati sotto controllo,"È fantastico! La consapevolezza e l'impegno sono fondamentali per una buona gestione a lungo termine.
"
mxbai-embed-large,vector_rerank,gemini-2.0-flash,Mi sento bene e infatti le misurazioni lo confermano,"Ottimo! Sono felice di sapere che ti senti bene e che le misurazioni lo confermano.
"
mxbai-embed-large,vector_rerank,gemini-2.0-flash,come il sale può influenzare la mia pressione sanguigna?,Empty Response
text-embedding-004,vector_rerank,qwen2.5:1.5b,"Ciao, assistente! Spero che tu possa darmi qualche consiglio utile per la mia ipertensione oggi.","Ciao! Arrivederci, assistente. Grazie mille per il tuo aiuto oggi! Ho avvertito di prender cura della propria salute e ho cercato informazioni sull'ipertensione. Potresti dirmi qualcosa che potrebbe essere utile?"
text-embedding-004,vector_rerank,qwen2.5:1.5b,Ho paura che la mia ipertensione possa peggiorare.,"It's understandable to be concerned about your hypertension worsening. However, it is important to remember that managing high blood pressure through a healthy lifestyle can help improve and possibly even lower its severity. It's crucial to follow the advice given by your healthcare provider, maintain an active and healthful way of life, such as regular exercise, a balanced diet rich in fruits and vegetables, adequate hydration, stress management techniques like mindfulness or meditation, and regular monitoring of blood pressure levels at home. This can help prevent complications associated with uncontrolled hypertension."
text-embedding-004,vector_rerank,qwen2.5:1.5b,mi sento bene avendo tutti i miei dati sotto controllo,Mi sentirei benvenuto/a di condividere i dati con te.
text-embedding-004,vector_rerank,qwen2.5:1.5b,Mi sento bene e infatti le misurazioni lo confermano,"Il tuo stato sembra essere normale. Hai ragione in quanto la tua pressione è sotto il segno di controllo. Ricorda continuare a monitorare i tuoi parametri di salute alle sette ore ogni volta che ti senti pronto e comunicherli con me, per poterci controllare se necessario."
text-embedding-004,vector_rerank,qwen2.5:1.5b,come il sale può influenzare la mia pressione sanguigna?,"Il sale è solitamente considerato una presenza normale nell'acqua umana e non ha un diretto influsso sulla pressione sanguigna. L'elevazione della pressione sanguigna si verifica quando la tensione del sangue aumenta, di conseguenza spingendo le polpe (sulci) più sotto il disco della testa, creando una differenza di pressure che può essere stimata utilizzando un manuale o uno stilettino."
text-embedding-004,vector_rerank,gemini-2.0-flash,"Ciao, assistente! Spero che tu possa darmi qualche consiglio utile per la mia ipertensione oggi.","A presto!
"
text-embedding-004,vector_rerank,gemini-2.0-flash,Ho paura che la mia ipertensione possa peggiorare.,"È comprensibile avere paura, ma l'ipertensione si può gestire efficacemente. Segui attentamente le indicazioni del tuo medico, mantieni uno stile di vita sano e controlla regolarmente la tua pressione.
"
text-embedding-004,vector_rerank,gemini-2.0-flash,mi sento bene avendo tutti i miei dati sotto controllo,"Sono contento di sentirtelo dire!
"
text-embedding-004,vector_rerank,gemini-2.0-flash,Mi sento bene e infatti le misurazioni lo confermano,"Sono contento di sapere che ti senti bene e che le misurazioni lo confermano. Ti suggerisco comunque di continuare a misurarla ogni 72 ore.
"
text-embedding-004,vector_rerank,gemini-2.0-flash,come il sale può influenzare la mia pressione sanguigna?,Empty Response
mxbai-embed-large,hybrid,gemini-2.0-flash,"Ciao, assistente! Spero che tu possa darmi qualche consiglio utile per la mia ipertensione oggi.","Certo, ecco alcuni suggerimenti: respira lentamente e profondamente, questo può aiutare a rilassarti, fai esercizio fisico regolarmente poiché l'attività fisica allevia lo stress. Puoi provare lo yoga e la meditazione, entrambe aiutano a rilassarti.
"
mxbai-embed-large,hybrid,gemini-2.0-flash,Ho paura che la mia ipertensione possa peggiorare.,"È comprensibile avere paura, ma l'ipertensione si può gestire efficacemente. Segui attentamente le indicazioni del tuo medico, mantieni uno stile di vita sano e monitora regolarmente la tua pressione.
"
mxbai-embed-large,hybrid,gemini-2.0-flash,mi sento bene avendo tutti i miei dati sotto controllo,"Sono felice di sentirlo! Ricorda di non trascurare le buone abitudini che ti aiutano a mantenere la pressione sotto controllo.
"
mxbai-embed-large,hybrid,gemini-2.0-flash,Mi sento bene e infatti le misurazioni lo confermano,"Sono felice di sentirlo! Ricorda di non trascurare le buone abitudini che ti aiutano a mantenere la pressione sotto controllo.
"
mxbai-embed-large,hybrid,gemini-2.0-flash,come il sale può influenzare la mia pressione sanguigna?,"Gestire l'ipertensione richiede di limitare l'assunzione di sale.
"
text-embedding-004,hybrid,gemini-2.0-flash,"Ciao, assistente! Spero che tu possa darmi qualche consiglio utile per la mia ipertensione oggi.","Certo, ecco alcuni suggerimenti: respira lentamente e profondamente, questo può aiutare a rilassarti, fai esercizio fisico regolarmente poiché l'attività fisica allevia lo stress. Puoi provare lo yoga e la meditazione, entrambe aiutano a rilassarsi.
"
text-embedding-004,hybrid,gemini-2.0-flash,Ho paura che la mia ipertensione possa peggiorare.,"È comprensibile avere paura, ma l'ipertensione si può gestire efficacemente. Segui attentamente le indicazioni del tuo medico, mantieni uno stile di vita sano e monitora regolarmente la tua pressione.
"
text-embedding-004,hybrid,gemini-2.0-flash,mi sento bene avendo tutti i miei dati sotto controllo,"Sono felice di sentirlo! Ricorda di non trascurare le buone abitudini che ti aiutano a mantenere la pressione sotto controllo.
"
text-embedding-004,hybrid,gemini-2.0-flash,Mi sento bene e infatti le misurazioni lo confermano,"Sono felice di sentirlo! Ricorda di non trascurare le buone abitudini che ti aiutano a mantenere la pressione sotto controllo.
"
text-embedding-004,hybrid,gemini-2.0-flash,come il sale può influenzare la mia pressione sanguigna?,"Gestire l'ipertensione richiede di limitare l'assunzione di sale.
"
mxbai-embed-large,vector_store,gemini-2.0-flash,"Ciao, assistente! Spero che tu possa darmi qualche consiglio utile per la mia ipertensione oggi.","Ciao! Sono programmato per fornire informazioni e supporto basato su dati e linee guida mediche consolidate.
"
mxbai-embed-large,vector_store,gemini-2.0-flash,Ho paura che la mia ipertensione possa peggiorare.,"La paura è comprensibile, ma l'ipertensione si può gestire efficacemente. Segui attentamente le indicazioni del tuo medico, mantieni uno stile di vita sano e monitora regolarmente la tua pressione.
"
mxbai-embed-large,vector_store,gemini-2.0-flash,mi sento bene avendo tutti i miei dati sotto controllo,"Sono felice di sentirlo! Ricorda di non trascurare le buone abitudini che ti aiutano a mantenere la pressione sotto controllo.
"
mxbai-embed-large,vector_store,gemini-2.0-flash,Mi sento bene e infatti le misurazioni lo confermano,"Sono contento di sentirtelo dire! Se hai misurazioni da condividere, fammi sapere.
"
mxbai-embed-large,vector_store,gemini-2.0-flash,come il sale può influenzare la mia pressione sanguigna?,"Non ci sono dati certi che lo stress possa causare un aumento della pressione sanguigna a lungo termine.
"
text-embedding-004,hybrid,qwen2.5:1.5b,"Ciao, assistente! Spero che tu possa darmi qualche consiglio utile per la mia ipertensione oggi.","Buona sera! Oltre alle recensioni sul sito web di Google, ci sono alcune pratiche pratiche che puoi considerare:
- Prima di ogni passeggiata, dovresti fare un rapido respiro di profondità per calmarti.
- Tieni a mente una frase positiva o rilassante durante la giornata e pensa alla cosa migliore di cui hai sentito parlare oggi."
text-embedding-004,hybrid,qwen2.5:1.5b,Ho paura che la mia ipertensione possa peggiorare.,"The fear is understandable as uncontrolled hypertension can damage your kidneys over time, leading to hypertensive kidney disease. It's important to monitor and manage your blood pressure effectively to prevent these damages. Follow the advice of your doctor, maintain a healthy lifestyle, and regularly check your blood pressure."
text-embedding-004,hybrid,qwen2.5:1.5b,mi sento bene avendo tutti i miei dati sotto controllo,You feel well with all your data under control.
text-embedding-004,hybrid,qwen2.5:1.5b,Mi sento bene e infatti le misurazioni lo confermano,"You feel well and indeed, your blood pressure measurements confirm it."
text-embedding-004,hybrid,qwen2.5:1.5b,come il sale può influenzare la mia pressione sanguigna?,Lo stress può provocare un breve rialzo della pressione sanguigna ma non ci sono dati certi che lo stress possa causare un aumento della pressione sanguigna a lungo termine.
mxbai-embed-large,vector_store,qwen2.5:1.5b,"Ciao, assistente! Spero che tu possa darmi qualche consiglio utile per la mia ipertensione oggi.","Ciao! Come sempre, sono qui per aiutarti. Tieni a mente che è importante continuare a seguire il tuo profumo di medicina stabilite da un medico esperto. Ricorda di monitorare regolarmente la tua pressione e di consultare con il tuo dottore se hai dubbi o problemi. Se ti preoccupano i tuoi sintomi, come le palpitazioni o i dolore al petto, spiegati questi nel contatto medico più tardi nella settimana. Ricorda sempre di essere in linea con la tua medicina stabilita e consultare il tuo dottore se hai dubbi o problemi."
mxbai-embed-large,vector_store,qwen2.5:1.5b,Ho paura che la mia ipertensione possa peggiorare.,Ho paura che la mia ipertensione possa peggiorare.
mxbai-embed-large,vector_store,qwen2.5:1.5b,mi sento bene avendo tutti i miei dati sotto controllo,Mi sentirete benissimo sapendo di tenere sotto controllo la vostra ipertensione.
mxbai-embed-large,vector_store,qwen2.5:1.5b,Mi sento bene e infatti le misurazioni lo confermano,The text indicates that you feel well and your measurements are supporting this. You're ready to share any new or updated readings with me as I assist in managing your hypertension.
mxbai-embed-large,vector_store,qwen2.5:1.5b,come il sale può influenzare la mia pressione sanguigna?,"Il sale non può influire sulla tua pressione sanguigna. Il tuo stato di salute è governato principalmente dall'ipertensione e da fattori individuali come lo stress, il tabacco, l'alcolismo e la dieta."
text-embedding-004,vector_store,qwen2.5:1.5b,"Ciao, assistente! Spero che tu possa darmi qualche consiglio utile per la mia ipertensione oggi.","Ciao! Ti assicuro di essere qui per aiutarti. Per cominciare, mi sentirei felice se potessi condividere più informazioni sui tuoi sintomi e qualsiasi altro problema possa aver? Sarò in grado di fornirti consigli basati sull'esperienza di molti altri pazienti con la stessa condizione."
text-embedding-004,vector_store,qwen2.5:1.5b,Ho paura che la mia ipertensione possa peggiorare.,"Ho paura che la tua ipertensione si deteriori. In questo caso, è importante non fare nulla di immediato e rimanere calmo. Il tuo medico sarà il miglior punto di riferimento per le indicazioni specifiche."
text-embedding-004,vector_store,qwen2.5:1.5b,mi sento bene avendo tutti i miei dati sotto controllo,You feel well having all your data under control.
text-embedding-004,vector_store,qwen2.5:1.5b,Mi sento bene e infatti le misurazioni lo confermano,"You feel well, and your measurements confirm that."
text-embedding-004,vector_store,qwen2.5:1.5b,come il sale può influenzare la mia pressione sanguigna?,"Il sale non ha alcun effetto sulla pressione sanguigna. Tuttavia, alcuni medicamenti per l'ipertensione possono contenere zuccheri o alcolici come il vino, e se il consumo di questi prodotti è frequente potrebbe influenzare la pressione. Eccesso di zucchero può anche causare un aumento della pressione sanguigna. Tuttavia, nel caso specifico del commento fornito, non sembra trattarsi di questo problema."
mxbai-embed-large,hybrid,qwen2.5:1.5b,"Ciao, assistente! Spero che tu possa darmi qualche consiglio utile per la mia ipertensione oggi.","Buonasera!

Certo, eccoti alcune suggerimenti per rilassarti e gestire la tua ipertensione:

1. Tenta di respirare lentamente ed inspirare profondamente.
2. Fai regolare l'esercizio fisico poiché è una buona via di salvezza dallo stress.
3. Provaci lo yoga e la meditazione, entrambe aiutano a rilassarti.

A presto!"
mxbai-embed-large,hybrid,qwen2.5:1.5b,Ho paura che la mia ipertensione possa peggiorare.,Ho paura che la mia ipertensione potrebbe peggiorare.
mxbai-embed-large,hybrid,qwen2.5:1.5b,mi sento bene avendo tutti i miei dati sotto controllo,You feel well having all your data under control.
mxbai-embed-large,hybrid,qwen2.5:1.5b,Mi sento bene e infatti le misurazioni lo confermano,You are feeling well and it is confirmed by your blood pressure readings.
mxbai-embed-large,hybrid,qwen2.5:1.5b,come il sale può influenzare la mia pressione sanguigna?,"Lo stress potrebbe causare un breve rialzo della pressione sanguigna, ma non ci sono dati certi che lo stress possa causare un aumento della pressione sanguigna a lungo termine. Per controllare l'ipertensione e gestire il tuo alimentazione, è importante limitare l'assunzione di sale, grassi saturi e zuccheri aggiunti, concentrati su alimenti ricchi in potassio, magnesio e fibre come frutta, verdura e cereali integrali."
